{
  "Index_A": {
    "flat": 231142.6587200623,
    "drift": 1024522.7269004205,
    "random_walk": 764857.6318036662
  },
  "Index_B": {
    "flat": 31851.915701077196,
    "drift": 49168.40054642036,
    "random_walk": 118915.61459590233
  },
  "Index_C": {
    "flat": 8804.679666403612,
    "drift": 90420.75097370164,
    "random_walk": 9755.576280658674
  },
  "Index_D": {
    "flat": 238598.98896854595,
    "drift": 1277317.8971705376,
    "random_walk": 791714.574715651
  },
  "Index_E": {
    "flat": 16743.39227342532,
    "drift": 8026.189843942905,
    "random_walk": 53767.82263932242
  },
  "Index_F": {
    "flat": 1925.6222304194841,
    "drift": 1170.7621173503157,
    "random_walk": 4524.18289531275
  }
}